{
  "6537510183": {
    "chatId": "6537510183",
    "createdAt": 1753002540117,
    "lastActivity": 1753002540117,
    "currentChain": "base",
    "currentToken": null,
    "currentAction": null,
    "slippage": 5,
    "gasPrice": "auto",
    "priorityFee": 0,
    "expertMode": false,
    "selectedWallets": [
      "W1"
    ],
    "multiWalletMode": false,
    "autoRefresh": true,
    "refreshInterval": 12,
    "language": "en",
    "timezone": 0,
    "snipeSettings": {
      "amount": 0.1,
      "tip": 0.01,
      "maxMarketCap": 1000000,
      "minLiquidity": 0.1,
      "maxTax": 25,
      "firstBundleOnly": false,
      "autoSell": false,
      "autoSellPercentage": 100,
      "autoSellTarget": 200
    },
    "limitOrderSettings": {
      "orderType": "buy",
      "amount": 0.1,
      "targetPrice": 0,
      "priceType": "eth",
      "timeout": 86400
    },
    "activeSnipes": [],
    "activeLimitOrders": [],
    "pendingTrades": [],
    "activeMessages": {},
    "totalTrades": 0,
    "totalVolume": 0,
    "totalProfit": 0,
    "winRate": 0,
    "referralCode": null,
    "referredBy": null,
    "referralEarnings": 0,
    "directReferrals": 0,
    "secondLayerReferrals": 0
  }
}